{
  "count": 3000000,
  "minY": -31.299999237060547,
  "maxY": 132.610107421875,
  "groundY": 4.659999847412109,
  "source": "EA National LIDAR Programme 2020 \u00b7 tile TQ3080 \u00b7 OGL v3",
  "bytes": 36000000
}